dataid,data,dia,mes,ano,diadasemana
1,2021-01-01,1,1,2021,Friday   
2,2021-01-02,2,1,2021,Saturday 
3,2021-01-03,3,1,2021,Sunday   
4,2021-01-04,4,1,2021,Monday   
5,2021-01-05,5,1,2021,Tuesday  
6,2021-01-06,6,1,2021,Wednesday
7,2021-01-07,7,1,2021,Thursday 
8,2021-01-08,8,1,2021,Friday   
9,2021-01-09,9,1,2021,Saturday 
10,2021-01-10,10,1,2021,Sunday   
11,2021-01-11,11,1,2021,Monday   
12,2021-01-12,12,1,2021,Tuesday  
13,2021-01-13,13,1,2021,Wednesday
14,2021-01-14,14,1,2021,Thursday 
15,2021-01-15,15,1,2021,Friday   
16,2021-01-16,16,1,2021,Saturday 
17,2021-01-17,17,1,2021,Sunday   
18,2021-01-18,18,1,2021,Monday   
19,2021-01-19,19,1,2021,Tuesday  
20,2021-01-20,20,1,2021,Wednesday
21,2021-01-21,21,1,2021,Thursday 
22,2021-01-22,22,1,2021,Friday   
23,2021-01-23,23,1,2021,Saturday 
24,2021-01-24,24,1,2021,Sunday   
25,2021-01-25,25,1,2021,Monday   
26,2021-01-26,26,1,2021,Tuesday  
27,2021-01-27,27,1,2021,Wednesday
28,2021-01-28,28,1,2021,Thursday 
29,2021-01-29,29,1,2021,Friday   
30,2021-01-30,30,1,2021,Saturday 
31,2021-01-31,31,1,2021,Sunday   
32,2021-02-01,1,2,2021,Monday   
33,2021-02-02,2,2,2021,Tuesday  
34,2021-02-03,3,2,2021,Wednesday
35,2021-02-04,4,2,2021,Thursday 
36,2021-02-05,5,2,2021,Friday   
37,2021-02-06,6,2,2021,Saturday 
38,2021-02-07,7,2,2021,Sunday   
39,2021-02-08,8,2,2021,Monday   
40,2021-02-09,9,2,2021,Tuesday  
41,2021-02-10,10,2,2021,Wednesday
42,2021-02-11,11,2,2021,Thursday 
43,2021-02-12,12,2,2021,Friday   
44,2021-02-13,13,2,2021,Saturday 
45,2021-02-14,14,2,2021,Sunday   
46,2021-02-15,15,2,2021,Monday   
47,2021-02-16,16,2,2021,Tuesday  
48,2021-02-17,17,2,2021,Wednesday
49,2021-02-18,18,2,2021,Thursday 
50,2021-02-19,19,2,2021,Friday   
51,2021-02-20,20,2,2021,Saturday 
52,2021-02-21,21,2,2021,Sunday   
53,2021-02-22,22,2,2021,Monday   
54,2021-02-23,23,2,2021,Tuesday  
55,2021-02-24,24,2,2021,Wednesday
56,2021-02-25,25,2,2021,Thursday 
57,2021-02-26,26,2,2021,Friday   
58,2021-02-27,27,2,2021,Saturday 
59,2021-02-28,28,2,2021,Sunday   
60,2021-03-01,1,3,2021,Monday   
61,2021-03-02,2,3,2021,Tuesday  
62,2021-03-03,3,3,2021,Wednesday
63,2021-03-04,4,3,2021,Thursday 
64,2021-03-05,5,3,2021,Friday   
65,2021-03-06,6,3,2021,Saturday 
66,2021-03-07,7,3,2021,Sunday   
67,2021-03-08,8,3,2021,Monday   
68,2021-03-09,9,3,2021,Tuesday  
69,2021-03-10,10,3,2021,Wednesday
70,2021-03-11,11,3,2021,Thursday 
71,2021-03-12,12,3,2021,Friday   
72,2021-03-13,13,3,2021,Saturday 
73,2021-03-14,14,3,2021,Sunday   
74,2021-03-15,15,3,2021,Monday   
75,2021-03-16,16,3,2021,Tuesday  
76,2021-03-17,17,3,2021,Wednesday
77,2021-03-18,18,3,2021,Thursday 
78,2021-03-19,19,3,2021,Friday   
79,2021-03-20,20,3,2021,Saturday 
80,2021-03-21,21,3,2021,Sunday   
81,2021-03-22,22,3,2021,Monday   
82,2021-03-23,23,3,2021,Tuesday  
83,2021-03-24,24,3,2021,Wednesday
84,2021-03-25,25,3,2021,Thursday 
85,2021-03-26,26,3,2021,Friday   
86,2021-03-27,27,3,2021,Saturday 
87,2021-03-28,28,3,2021,Sunday   
88,2021-03-29,29,3,2021,Monday   
89,2021-03-30,30,3,2021,Tuesday  
90,2021-03-31,31,3,2021,Wednesday
91,2021-04-01,1,4,2021,Thursday 
92,2021-04-02,2,4,2021,Friday   
93,2021-04-03,3,4,2021,Saturday 
94,2021-04-04,4,4,2021,Sunday   
95,2021-04-05,5,4,2021,Monday   
96,2021-04-06,6,4,2021,Tuesday  
97,2021-04-07,7,4,2021,Wednesday
98,2021-04-08,8,4,2021,Thursday 
99,2021-04-09,9,4,2021,Friday   
100,2021-04-10,10,4,2021,Saturday 
101,2021-04-11,11,4,2021,Sunday   
102,2021-04-12,12,4,2021,Monday   
103,2021-04-13,13,4,2021,Tuesday  
104,2021-04-14,14,4,2021,Wednesday
105,2021-04-15,15,4,2021,Thursday 
106,2021-04-16,16,4,2021,Friday   
107,2021-04-17,17,4,2021,Saturday 
108,2021-04-18,18,4,2021,Sunday   
109,2021-04-19,19,4,2021,Monday   
110,2021-04-20,20,4,2021,Tuesday  
111,2021-04-21,21,4,2021,Wednesday
112,2021-04-22,22,4,2021,Thursday 
113,2021-04-23,23,4,2021,Friday   
114,2021-04-24,24,4,2021,Saturday 
115,2021-04-25,25,4,2021,Sunday   
116,2021-04-26,26,4,2021,Monday   
117,2021-04-27,27,4,2021,Tuesday  
118,2021-04-28,28,4,2021,Wednesday
119,2021-04-29,29,4,2021,Thursday 
120,2021-04-30,30,4,2021,Friday   
121,2021-05-01,1,5,2021,Saturday 
122,2021-05-02,2,5,2021,Sunday   
123,2021-05-03,3,5,2021,Monday   
124,2021-05-04,4,5,2021,Tuesday  
125,2021-05-05,5,5,2021,Wednesday
126,2021-05-06,6,5,2021,Thursday 
127,2021-05-07,7,5,2021,Friday   
128,2021-05-08,8,5,2021,Saturday 
129,2021-05-09,9,5,2021,Sunday   
130,2021-05-10,10,5,2021,Monday   
131,2021-05-11,11,5,2021,Tuesday  
132,2021-05-12,12,5,2021,Wednesday
133,2021-05-13,13,5,2021,Thursday 
134,2021-05-14,14,5,2021,Friday   
135,2021-05-15,15,5,2021,Saturday 
136,2021-05-16,16,5,2021,Sunday   
137,2021-05-17,17,5,2021,Monday   
138,2021-05-18,18,5,2021,Tuesday  
139,2021-05-19,19,5,2021,Wednesday
140,2021-05-20,20,5,2021,Thursday 
141,2021-05-21,21,5,2021,Friday   
142,2021-05-22,22,5,2021,Saturday 
143,2021-05-23,23,5,2021,Sunday   
144,2021-05-24,24,5,2021,Monday   
145,2021-05-25,25,5,2021,Tuesday  
146,2021-05-26,26,5,2021,Wednesday
147,2021-05-27,27,5,2021,Thursday 
148,2021-05-28,28,5,2021,Friday   
149,2021-05-29,29,5,2021,Saturday 
150,2021-05-30,30,5,2021,Sunday   
151,2021-05-31,31,5,2021,Monday   
152,2021-06-01,1,6,2021,Tuesday  
153,2021-06-02,2,6,2021,Wednesday
154,2021-06-03,3,6,2021,Thursday 
155,2021-06-04,4,6,2021,Friday   
156,2021-06-05,5,6,2021,Saturday 
157,2021-06-06,6,6,2021,Sunday   
158,2021-06-07,7,6,2021,Monday   
159,2021-06-08,8,6,2021,Tuesday  
160,2021-06-09,9,6,2021,Wednesday
161,2021-06-10,10,6,2021,Thursday 
162,2021-06-11,11,6,2021,Friday   
163,2021-06-12,12,6,2021,Saturday 
164,2021-06-13,13,6,2021,Sunday   
165,2021-06-14,14,6,2021,Monday   
166,2021-06-15,15,6,2021,Tuesday  
167,2021-06-16,16,6,2021,Wednesday
168,2021-06-17,17,6,2021,Thursday 
169,2021-06-18,18,6,2021,Friday   
170,2021-06-19,19,6,2021,Saturday 
171,2021-06-20,20,6,2021,Sunday   
172,2021-06-21,21,6,2021,Monday   
173,2021-06-22,22,6,2021,Tuesday  
174,2021-06-23,23,6,2021,Wednesday
175,2021-06-24,24,6,2021,Thursday 
176,2021-06-25,25,6,2021,Friday   
177,2021-06-26,26,6,2021,Saturday 
178,2021-06-27,27,6,2021,Sunday   
179,2021-06-28,28,6,2021,Monday   
180,2021-06-29,29,6,2021,Tuesday  
181,2021-06-30,30,6,2021,Wednesday
182,2021-07-01,1,7,2021,Thursday 
183,2021-07-02,2,7,2021,Friday   
184,2021-07-03,3,7,2021,Saturday 
185,2021-07-04,4,7,2021,Sunday   
186,2021-07-05,5,7,2021,Monday   
187,2021-07-06,6,7,2021,Tuesday  
188,2021-07-07,7,7,2021,Wednesday
189,2021-07-08,8,7,2021,Thursday 
190,2021-07-09,9,7,2021,Friday   
191,2021-07-10,10,7,2021,Saturday 
192,2021-07-11,11,7,2021,Sunday   
193,2021-07-12,12,7,2021,Monday   
194,2021-07-13,13,7,2021,Tuesday  
195,2021-07-14,14,7,2021,Wednesday
196,2021-07-15,15,7,2021,Thursday 
197,2021-07-16,16,7,2021,Friday   
198,2021-07-17,17,7,2021,Saturday 
199,2021-07-18,18,7,2021,Sunday   
200,2021-07-19,19,7,2021,Monday   
201,2021-07-20,20,7,2021,Tuesday  
202,2021-07-21,21,7,2021,Wednesday
203,2021-07-22,22,7,2021,Thursday 
204,2021-07-23,23,7,2021,Friday   
205,2021-07-24,24,7,2021,Saturday 
206,2021-07-25,25,7,2021,Sunday   
207,2021-07-26,26,7,2021,Monday   
208,2021-07-27,27,7,2021,Tuesday  
209,2021-07-28,28,7,2021,Wednesday
210,2021-07-29,29,7,2021,Thursday 
211,2021-07-30,30,7,2021,Friday   
212,2021-07-31,31,7,2021,Saturday 
213,2021-08-01,1,8,2021,Sunday   
214,2021-08-02,2,8,2021,Monday   
215,2021-08-03,3,8,2021,Tuesday  
216,2021-08-04,4,8,2021,Wednesday
217,2021-08-05,5,8,2021,Thursday 
218,2021-08-06,6,8,2021,Friday   
219,2021-08-07,7,8,2021,Saturday 
220,2021-08-08,8,8,2021,Sunday   
221,2021-08-09,9,8,2021,Monday   
222,2021-08-10,10,8,2021,Tuesday  
223,2021-08-11,11,8,2021,Wednesday
224,2021-08-12,12,8,2021,Thursday 
225,2021-08-13,13,8,2021,Friday   
226,2021-08-14,14,8,2021,Saturday 
227,2021-08-15,15,8,2021,Sunday   
228,2021-08-16,16,8,2021,Monday   
229,2021-08-17,17,8,2021,Tuesday  
230,2021-08-18,18,8,2021,Wednesday
231,2021-08-19,19,8,2021,Thursday 
232,2021-08-20,20,8,2021,Friday   
233,2021-08-21,21,8,2021,Saturday 
234,2021-08-22,22,8,2021,Sunday   
235,2021-08-23,23,8,2021,Monday   
236,2021-08-24,24,8,2021,Tuesday  
237,2021-08-25,25,8,2021,Wednesday
238,2021-08-26,26,8,2021,Thursday 
239,2021-08-27,27,8,2021,Friday   
240,2021-08-28,28,8,2021,Saturday 
241,2021-08-29,29,8,2021,Sunday   
242,2021-08-30,30,8,2021,Monday   
243,2021-08-31,31,8,2021,Tuesday  
244,2021-09-01,1,9,2021,Wednesday
245,2021-09-02,2,9,2021,Thursday 
246,2021-09-03,3,9,2021,Friday   
247,2021-09-04,4,9,2021,Saturday 
248,2021-09-05,5,9,2021,Sunday   
249,2021-09-06,6,9,2021,Monday   
250,2021-09-07,7,9,2021,Tuesday  
251,2021-09-08,8,9,2021,Wednesday
252,2021-09-09,9,9,2021,Thursday 
253,2021-09-10,10,9,2021,Friday   
254,2021-09-11,11,9,2021,Saturday 
255,2021-09-12,12,9,2021,Sunday   
256,2021-09-13,13,9,2021,Monday   
257,2021-09-14,14,9,2021,Tuesday  
258,2021-09-15,15,9,2021,Wednesday
259,2021-09-16,16,9,2021,Thursday 
260,2021-09-17,17,9,2021,Friday   
261,2021-09-18,18,9,2021,Saturday 
262,2021-09-19,19,9,2021,Sunday   
263,2021-09-20,20,9,2021,Monday   
264,2021-09-21,21,9,2021,Tuesday  
265,2021-09-22,22,9,2021,Wednesday
266,2021-09-23,23,9,2021,Thursday 
267,2021-09-24,24,9,2021,Friday   
268,2021-09-25,25,9,2021,Saturday 
269,2021-09-26,26,9,2021,Sunday   
270,2021-09-27,27,9,2021,Monday   
271,2021-09-28,28,9,2021,Tuesday  
272,2021-09-29,29,9,2021,Wednesday
273,2021-09-30,30,9,2021,Thursday 
274,2021-10-01,1,10,2021,Friday   
275,2021-10-02,2,10,2021,Saturday 
276,2021-10-03,3,10,2021,Sunday   
277,2021-10-04,4,10,2021,Monday   
278,2021-10-05,5,10,2021,Tuesday  
279,2021-10-06,6,10,2021,Wednesday
280,2021-10-07,7,10,2021,Thursday 
281,2021-10-08,8,10,2021,Friday   
282,2021-10-09,9,10,2021,Saturday 
283,2021-10-10,10,10,2021,Sunday   
284,2021-10-11,11,10,2021,Monday   
285,2021-10-12,12,10,2021,Tuesday  
286,2021-10-13,13,10,2021,Wednesday
287,2021-10-14,14,10,2021,Thursday 
288,2021-10-15,15,10,2021,Friday   
289,2021-10-16,16,10,2021,Saturday 
290,2021-10-17,17,10,2021,Sunday   
291,2021-10-18,18,10,2021,Monday   
292,2021-10-19,19,10,2021,Tuesday  
293,2021-10-20,20,10,2021,Wednesday
294,2021-10-21,21,10,2021,Thursday 
295,2021-10-22,22,10,2021,Friday   
296,2021-10-23,23,10,2021,Saturday 
297,2021-10-24,24,10,2021,Sunday   
298,2021-10-25,25,10,2021,Monday   
299,2021-10-26,26,10,2021,Tuesday  
300,2021-10-27,27,10,2021,Wednesday
301,2021-10-28,28,10,2021,Thursday 
302,2021-10-29,29,10,2021,Friday   
303,2021-10-30,30,10,2021,Saturday 
304,2021-10-31,31,10,2021,Sunday   
305,2021-11-01,1,11,2021,Monday   
306,2021-11-02,2,11,2021,Tuesday  
307,2021-11-03,3,11,2021,Wednesday
308,2021-11-04,4,11,2021,Thursday 
309,2021-11-05,5,11,2021,Friday   
310,2021-11-06,6,11,2021,Saturday 
311,2021-11-07,7,11,2021,Sunday   
312,2021-11-08,8,11,2021,Monday   
313,2021-11-09,9,11,2021,Tuesday  
314,2021-11-10,10,11,2021,Wednesday
315,2021-11-11,11,11,2021,Thursday 
316,2021-11-12,12,11,2021,Friday   
317,2021-11-13,13,11,2021,Saturday 
318,2021-11-14,14,11,2021,Sunday   
319,2021-11-15,15,11,2021,Monday   
320,2021-11-16,16,11,2021,Tuesday  
321,2021-11-17,17,11,2021,Wednesday
322,2021-11-18,18,11,2021,Thursday 
323,2021-11-19,19,11,2021,Friday   
324,2021-11-20,20,11,2021,Saturday 
325,2021-11-21,21,11,2021,Sunday   
326,2021-11-22,22,11,2021,Monday   
327,2021-11-23,23,11,2021,Tuesday  
328,2021-11-24,24,11,2021,Wednesday
329,2021-11-25,25,11,2021,Thursday 
330,2021-11-26,26,11,2021,Friday   
331,2021-11-27,27,11,2021,Saturday 
332,2021-11-28,28,11,2021,Sunday   
333,2021-11-29,29,11,2021,Monday   
334,2021-11-30,30,11,2021,Tuesday  
335,2021-12-01,1,12,2021,Wednesday
336,2021-12-02,2,12,2021,Thursday 
337,2021-12-03,3,12,2021,Friday   
338,2021-12-04,4,12,2021,Saturday 
339,2021-12-05,5,12,2021,Sunday   
340,2021-12-06,6,12,2021,Monday   
341,2021-12-07,7,12,2021,Tuesday  
342,2021-12-08,8,12,2021,Wednesday
343,2021-12-09,9,12,2021,Thursday 
344,2021-12-10,10,12,2021,Friday   
345,2021-12-11,11,12,2021,Saturday 
346,2021-12-12,12,12,2021,Sunday   
347,2021-12-13,13,12,2021,Monday   
348,2021-12-14,14,12,2021,Tuesday  
349,2021-12-15,15,12,2021,Wednesday
350,2021-12-16,16,12,2021,Thursday 
351,2021-12-17,17,12,2021,Friday   
352,2021-12-18,18,12,2021,Saturday 
353,2021-12-19,19,12,2021,Sunday   
354,2021-12-20,20,12,2021,Monday   
355,2021-12-21,21,12,2021,Tuesday  
356,2021-12-22,22,12,2021,Wednesday
357,2021-12-23,23,12,2021,Thursday 
358,2021-12-24,24,12,2021,Friday   
359,2021-12-25,25,12,2021,Saturday 
360,2021-12-26,26,12,2021,Sunday   
361,2021-12-27,27,12,2021,Monday   
362,2021-12-28,28,12,2021,Tuesday  
363,2021-12-29,29,12,2021,Wednesday
364,2021-12-30,30,12,2021,Thursday 
365,2021-12-31,31,12,2021,Friday   
366,2022-01-01,1,1,2022,Saturday 
367,2022-01-02,2,1,2022,Sunday   
368,2022-01-03,3,1,2022,Monday   
369,2022-01-04,4,1,2022,Tuesday  
370,2022-01-05,5,1,2022,Wednesday
371,2022-01-06,6,1,2022,Thursday 
372,2022-01-07,7,1,2022,Friday   
373,2022-01-08,8,1,2022,Saturday 
374,2022-01-09,9,1,2022,Sunday   
375,2022-01-10,10,1,2022,Monday   
376,2022-01-11,11,1,2022,Tuesday  
377,2022-01-12,12,1,2022,Wednesday
378,2022-01-13,13,1,2022,Thursday 
379,2022-01-14,14,1,2022,Friday   
380,2022-01-15,15,1,2022,Saturday 
381,2022-01-16,16,1,2022,Sunday   
382,2022-01-17,17,1,2022,Monday   
383,2022-01-18,18,1,2022,Tuesday  
384,2022-01-19,19,1,2022,Wednesday
385,2022-01-20,20,1,2022,Thursday 
386,2022-01-21,21,1,2022,Friday   
387,2022-01-22,22,1,2022,Saturday 
388,2022-01-23,23,1,2022,Sunday   
389,2022-01-24,24,1,2022,Monday   
390,2022-01-25,25,1,2022,Tuesday  
391,2022-01-26,26,1,2022,Wednesday
392,2022-01-27,27,1,2022,Thursday 
393,2022-01-28,28,1,2022,Friday   
394,2022-01-29,29,1,2022,Saturday 
395,2022-01-30,30,1,2022,Sunday   
396,2022-01-31,31,1,2022,Monday   
397,2022-02-01,1,2,2022,Tuesday  
398,2022-02-02,2,2,2022,Wednesday
399,2022-02-03,3,2,2022,Thursday 
400,2022-02-04,4,2,2022,Friday   
401,2022-02-05,5,2,2022,Saturday 
402,2022-02-06,6,2,2022,Sunday   
403,2022-02-07,7,2,2022,Monday   
404,2022-02-08,8,2,2022,Tuesday  
405,2022-02-09,9,2,2022,Wednesday
406,2022-02-10,10,2,2022,Thursday 
407,2022-02-11,11,2,2022,Friday   
408,2022-02-12,12,2,2022,Saturday 
409,2022-02-13,13,2,2022,Sunday   
410,2022-02-14,14,2,2022,Monday   
411,2022-02-15,15,2,2022,Tuesday  
412,2022-02-16,16,2,2022,Wednesday
413,2022-02-17,17,2,2022,Thursday 
414,2022-02-18,18,2,2022,Friday   
415,2022-02-19,19,2,2022,Saturday 
416,2022-02-20,20,2,2022,Sunday   
417,2022-02-21,21,2,2022,Monday   
418,2022-02-22,22,2,2022,Tuesday  
419,2022-02-23,23,2,2022,Wednesday
420,2022-02-24,24,2,2022,Thursday 
421,2022-02-25,25,2,2022,Friday   
422,2022-02-26,26,2,2022,Saturday 
423,2022-02-27,27,2,2022,Sunday   
424,2022-02-28,28,2,2022,Monday   
425,2022-03-01,1,3,2022,Tuesday  
426,2022-03-02,2,3,2022,Wednesday
427,2022-03-03,3,3,2022,Thursday 
428,2022-03-04,4,3,2022,Friday   
429,2022-03-05,5,3,2022,Saturday 
430,2022-03-06,6,3,2022,Sunday   
431,2022-03-07,7,3,2022,Monday   
432,2022-03-08,8,3,2022,Tuesday  
433,2022-03-09,9,3,2022,Wednesday
434,2022-03-10,10,3,2022,Thursday 
435,2022-03-11,11,3,2022,Friday   
436,2022-03-12,12,3,2022,Saturday 
437,2022-03-13,13,3,2022,Sunday   
438,2022-03-14,14,3,2022,Monday   
439,2022-03-15,15,3,2022,Tuesday  
440,2022-03-16,16,3,2022,Wednesday
441,2022-03-17,17,3,2022,Thursday 
442,2022-03-18,18,3,2022,Friday   
443,2022-03-19,19,3,2022,Saturday 
444,2022-03-20,20,3,2022,Sunday   
445,2022-03-21,21,3,2022,Monday   
446,2022-03-22,22,3,2022,Tuesday  
447,2022-03-23,23,3,2022,Wednesday
448,2022-03-24,24,3,2022,Thursday 
449,2022-03-25,25,3,2022,Friday   
450,2022-03-26,26,3,2022,Saturday 
451,2022-03-27,27,3,2022,Sunday   
452,2022-03-28,28,3,2022,Monday   
453,2022-03-29,29,3,2022,Tuesday  
454,2022-03-30,30,3,2022,Wednesday
455,2022-03-31,31,3,2022,Thursday 
456,2022-04-01,1,4,2022,Friday   
457,2022-04-02,2,4,2022,Saturday 
458,2022-04-03,3,4,2022,Sunday   
459,2022-04-04,4,4,2022,Monday   
460,2022-04-05,5,4,2022,Tuesday  
461,2022-04-06,6,4,2022,Wednesday
462,2022-04-07,7,4,2022,Thursday 
463,2022-04-08,8,4,2022,Friday   
464,2022-04-09,9,4,2022,Saturday 
465,2022-04-10,10,4,2022,Sunday   
466,2022-04-11,11,4,2022,Monday   
467,2022-04-12,12,4,2022,Tuesday  
468,2022-04-13,13,4,2022,Wednesday
469,2022-04-14,14,4,2022,Thursday 
470,2022-04-15,15,4,2022,Friday   
471,2022-04-16,16,4,2022,Saturday 
472,2022-04-17,17,4,2022,Sunday   
473,2022-04-18,18,4,2022,Monday   
474,2022-04-19,19,4,2022,Tuesday  
475,2022-04-20,20,4,2022,Wednesday
476,2022-04-21,21,4,2022,Thursday 
477,2022-04-22,22,4,2022,Friday   
478,2022-04-23,23,4,2022,Saturday 
479,2022-04-24,24,4,2022,Sunday   
480,2022-04-25,25,4,2022,Monday   
481,2022-04-26,26,4,2022,Tuesday  
482,2022-04-27,27,4,2022,Wednesday
483,2022-04-28,28,4,2022,Thursday 
484,2022-04-29,29,4,2022,Friday   
485,2022-04-30,30,4,2022,Saturday 
486,2022-05-01,1,5,2022,Sunday   
487,2022-05-02,2,5,2022,Monday   
488,2022-05-03,3,5,2022,Tuesday  
489,2022-05-04,4,5,2022,Wednesday
490,2022-05-05,5,5,2022,Thursday 
491,2022-05-06,6,5,2022,Friday   
492,2022-05-07,7,5,2022,Saturday 
493,2022-05-08,8,5,2022,Sunday   
494,2022-05-09,9,5,2022,Monday   
495,2022-05-10,10,5,2022,Tuesday  
496,2022-05-11,11,5,2022,Wednesday
497,2022-05-12,12,5,2022,Thursday 
498,2022-05-13,13,5,2022,Friday   
499,2022-05-14,14,5,2022,Saturday 
500,2022-05-15,15,5,2022,Sunday   
501,2022-05-16,16,5,2022,Monday   
502,2022-05-17,17,5,2022,Tuesday  
503,2022-05-18,18,5,2022,Wednesday
504,2022-05-19,19,5,2022,Thursday 
505,2022-05-20,20,5,2022,Friday   
506,2022-05-21,21,5,2022,Saturday 
507,2022-05-22,22,5,2022,Sunday   
508,2022-05-23,23,5,2022,Monday   
509,2022-05-24,24,5,2022,Tuesday  
510,2022-05-25,25,5,2022,Wednesday
511,2022-05-26,26,5,2022,Thursday 
512,2022-05-27,27,5,2022,Friday   
513,2022-05-28,28,5,2022,Saturday 
514,2022-05-29,29,5,2022,Sunday   
515,2022-05-30,30,5,2022,Monday   
516,2022-05-31,31,5,2022,Tuesday  
517,2022-06-01,1,6,2022,Wednesday
518,2022-06-02,2,6,2022,Thursday 
519,2022-06-03,3,6,2022,Friday   
520,2022-06-04,4,6,2022,Saturday 
521,2022-06-05,5,6,2022,Sunday   
522,2022-06-06,6,6,2022,Monday   
523,2022-06-07,7,6,2022,Tuesday  
524,2022-06-08,8,6,2022,Wednesday
525,2022-06-09,9,6,2022,Thursday 
526,2022-06-10,10,6,2022,Friday   
527,2022-06-11,11,6,2022,Saturday 
528,2022-06-12,12,6,2022,Sunday   
529,2022-06-13,13,6,2022,Monday   
530,2022-06-14,14,6,2022,Tuesday  
531,2022-06-15,15,6,2022,Wednesday
532,2022-06-16,16,6,2022,Thursday 
533,2022-06-17,17,6,2022,Friday   
534,2022-06-18,18,6,2022,Saturday 
535,2022-06-19,19,6,2022,Sunday   
536,2022-06-20,20,6,2022,Monday   
537,2022-06-21,21,6,2022,Tuesday  
538,2022-06-22,22,6,2022,Wednesday
539,2022-06-23,23,6,2022,Thursday 
540,2022-06-24,24,6,2022,Friday   
541,2022-06-25,25,6,2022,Saturday 
542,2022-06-26,26,6,2022,Sunday   
543,2022-06-27,27,6,2022,Monday   
544,2022-06-28,28,6,2022,Tuesday  
545,2022-06-29,29,6,2022,Wednesday
546,2022-06-30,30,6,2022,Thursday 
547,2022-07-01,1,7,2022,Friday   
548,2022-07-02,2,7,2022,Saturday 
549,2022-07-03,3,7,2022,Sunday   
550,2022-07-04,4,7,2022,Monday   
551,2022-07-05,5,7,2022,Tuesday  
552,2022-07-06,6,7,2022,Wednesday
553,2022-07-07,7,7,2022,Thursday 
554,2022-07-08,8,7,2022,Friday   
555,2022-07-09,9,7,2022,Saturday 
556,2022-07-10,10,7,2022,Sunday   
557,2022-07-11,11,7,2022,Monday   
558,2022-07-12,12,7,2022,Tuesday  
559,2022-07-13,13,7,2022,Wednesday
560,2022-07-14,14,7,2022,Thursday 
561,2022-07-15,15,7,2022,Friday   
562,2022-07-16,16,7,2022,Saturday 
563,2022-07-17,17,7,2022,Sunday   
564,2022-07-18,18,7,2022,Monday   
565,2022-07-19,19,7,2022,Tuesday  
566,2022-07-20,20,7,2022,Wednesday
567,2022-07-21,21,7,2022,Thursday 
568,2022-07-22,22,7,2022,Friday   
569,2022-07-23,23,7,2022,Saturday 
570,2022-07-24,24,7,2022,Sunday   
571,2022-07-25,25,7,2022,Monday   
572,2022-07-26,26,7,2022,Tuesday  
573,2022-07-27,27,7,2022,Wednesday
574,2022-07-28,28,7,2022,Thursday 
575,2022-07-29,29,7,2022,Friday   
576,2022-07-30,30,7,2022,Saturday 
577,2022-07-31,31,7,2022,Sunday   
578,2022-08-01,1,8,2022,Monday   
579,2022-08-02,2,8,2022,Tuesday  
580,2022-08-03,3,8,2022,Wednesday
581,2022-08-04,4,8,2022,Thursday 
582,2022-08-05,5,8,2022,Friday   
583,2022-08-06,6,8,2022,Saturday 
584,2022-08-07,7,8,2022,Sunday   
585,2022-08-08,8,8,2022,Monday   
586,2022-08-09,9,8,2022,Tuesday  
587,2022-08-10,10,8,2022,Wednesday
588,2022-08-11,11,8,2022,Thursday 
589,2022-08-12,12,8,2022,Friday   
590,2022-08-13,13,8,2022,Saturday 
591,2022-08-14,14,8,2022,Sunday   
592,2022-08-15,15,8,2022,Monday   
593,2022-08-16,16,8,2022,Tuesday  
594,2022-08-17,17,8,2022,Wednesday
595,2022-08-18,18,8,2022,Thursday 
596,2022-08-19,19,8,2022,Friday   
597,2022-08-20,20,8,2022,Saturday 
598,2022-08-21,21,8,2022,Sunday   
599,2022-08-22,22,8,2022,Monday   
600,2022-08-23,23,8,2022,Tuesday  
601,2022-08-24,24,8,2022,Wednesday
602,2022-08-25,25,8,2022,Thursday 
603,2022-08-26,26,8,2022,Friday   
604,2022-08-27,27,8,2022,Saturday 
605,2022-08-28,28,8,2022,Sunday   
606,2022-08-29,29,8,2022,Monday   
607,2022-08-30,30,8,2022,Tuesday  
608,2022-08-31,31,8,2022,Wednesday
609,2022-09-01,1,9,2022,Thursday 
610,2022-09-02,2,9,2022,Friday   
611,2022-09-03,3,9,2022,Saturday 
612,2022-09-04,4,9,2022,Sunday   
613,2022-09-05,5,9,2022,Monday   
614,2022-09-06,6,9,2022,Tuesday  
615,2022-09-07,7,9,2022,Wednesday
616,2022-09-08,8,9,2022,Thursday 
617,2022-09-09,9,9,2022,Friday   
618,2022-09-10,10,9,2022,Saturday 
619,2022-09-11,11,9,2022,Sunday   
620,2022-09-12,12,9,2022,Monday   
621,2022-09-13,13,9,2022,Tuesday  
622,2022-09-14,14,9,2022,Wednesday
623,2022-09-15,15,9,2022,Thursday 
624,2022-09-16,16,9,2022,Friday   
625,2022-09-17,17,9,2022,Saturday 
626,2022-09-18,18,9,2022,Sunday   
627,2022-09-19,19,9,2022,Monday   
628,2022-09-20,20,9,2022,Tuesday  
629,2022-09-21,21,9,2022,Wednesday
630,2022-09-22,22,9,2022,Thursday 
631,2022-09-23,23,9,2022,Friday   
632,2022-09-24,24,9,2022,Saturday 
633,2022-09-25,25,9,2022,Sunday   
634,2022-09-26,26,9,2022,Monday   
635,2022-09-27,27,9,2022,Tuesday  
636,2022-09-28,28,9,2022,Wednesday
637,2022-09-29,29,9,2022,Thursday 
638,2022-09-30,30,9,2022,Friday   
639,2022-10-01,1,10,2022,Saturday 
640,2022-10-02,2,10,2022,Sunday   
641,2022-10-03,3,10,2022,Monday   
642,2022-10-04,4,10,2022,Tuesday  
643,2022-10-05,5,10,2022,Wednesday
644,2022-10-06,6,10,2022,Thursday 
645,2022-10-07,7,10,2022,Friday   
646,2022-10-08,8,10,2022,Saturday 
647,2022-10-09,9,10,2022,Sunday   
648,2022-10-10,10,10,2022,Monday   
649,2022-10-11,11,10,2022,Tuesday  
650,2022-10-12,12,10,2022,Wednesday
651,2022-10-13,13,10,2022,Thursday 
652,2022-10-14,14,10,2022,Friday   
653,2022-10-15,15,10,2022,Saturday 
654,2022-10-16,16,10,2022,Sunday   
655,2022-10-17,17,10,2022,Monday   
656,2022-10-18,18,10,2022,Tuesday  
657,2022-10-19,19,10,2022,Wednesday
658,2022-10-20,20,10,2022,Thursday 
659,2022-10-21,21,10,2022,Friday   
660,2022-10-22,22,10,2022,Saturday 
661,2022-10-23,23,10,2022,Sunday   
662,2022-10-24,24,10,2022,Monday   
663,2022-10-25,25,10,2022,Tuesday  
664,2022-10-26,26,10,2022,Wednesday
665,2022-10-27,27,10,2022,Thursday 
666,2022-10-28,28,10,2022,Friday   
667,2022-10-29,29,10,2022,Saturday 
668,2022-10-30,30,10,2022,Sunday   
669,2022-10-31,31,10,2022,Monday   
670,2022-11-01,1,11,2022,Tuesday  
671,2022-11-02,2,11,2022,Wednesday
672,2022-11-03,3,11,2022,Thursday 
673,2022-11-04,4,11,2022,Friday   
674,2022-11-05,5,11,2022,Saturday 
675,2022-11-06,6,11,2022,Sunday   
676,2022-11-07,7,11,2022,Monday   
677,2022-11-08,8,11,2022,Tuesday  
678,2022-11-09,9,11,2022,Wednesday
679,2022-11-10,10,11,2022,Thursday 
680,2022-11-11,11,11,2022,Friday   
681,2022-11-12,12,11,2022,Saturday 
682,2022-11-13,13,11,2022,Sunday   
683,2022-11-14,14,11,2022,Monday   
684,2022-11-15,15,11,2022,Tuesday  
685,2022-11-16,16,11,2022,Wednesday
686,2022-11-17,17,11,2022,Thursday 
687,2022-11-18,18,11,2022,Friday   
688,2022-11-19,19,11,2022,Saturday 
689,2022-11-20,20,11,2022,Sunday   
690,2022-11-21,21,11,2022,Monday   
691,2022-11-22,22,11,2022,Tuesday  
692,2022-11-23,23,11,2022,Wednesday
693,2022-11-24,24,11,2022,Thursday 
694,2022-11-25,25,11,2022,Friday   
695,2022-11-26,26,11,2022,Saturday 
696,2022-11-27,27,11,2022,Sunday   
697,2022-11-28,28,11,2022,Monday   
698,2022-11-29,29,11,2022,Tuesday  
699,2022-11-30,30,11,2022,Wednesday
700,2022-12-01,1,12,2022,Thursday 
701,2022-12-02,2,12,2022,Friday   
702,2022-12-03,3,12,2022,Saturday 
703,2022-12-04,4,12,2022,Sunday   
704,2022-12-05,5,12,2022,Monday   
705,2022-12-06,6,12,2022,Tuesday  
706,2022-12-07,7,12,2022,Wednesday
707,2022-12-08,8,12,2022,Thursday 
708,2022-12-09,9,12,2022,Friday   
709,2022-12-10,10,12,2022,Saturday 
710,2022-12-11,11,12,2022,Sunday   
711,2022-12-12,12,12,2022,Monday   
712,2022-12-13,13,12,2022,Tuesday  
713,2022-12-14,14,12,2022,Wednesday
714,2022-12-15,15,12,2022,Thursday 
715,2022-12-16,16,12,2022,Friday   
716,2022-12-17,17,12,2022,Saturday 
717,2022-12-18,18,12,2022,Sunday   
718,2022-12-19,19,12,2022,Monday   
719,2022-12-20,20,12,2022,Tuesday  
720,2022-12-21,21,12,2022,Wednesday
721,2022-12-22,22,12,2022,Thursday 
722,2022-12-23,23,12,2022,Friday   
723,2022-12-24,24,12,2022,Saturday 
724,2022-12-25,25,12,2022,Sunday   
725,2022-12-26,26,12,2022,Monday   
726,2022-12-27,27,12,2022,Tuesday  
727,2022-12-28,28,12,2022,Wednesday
728,2022-12-29,29,12,2022,Thursday 
729,2022-12-30,30,12,2022,Friday   
730,2022-12-31,31,12,2022,Saturday 
731,2023-01-01,1,1,2023,Sunday   
732,2023-01-02,2,1,2023,Monday   
733,2023-01-03,3,1,2023,Tuesday  
734,2023-01-04,4,1,2023,Wednesday
735,2023-01-05,5,1,2023,Thursday 
736,2023-01-06,6,1,2023,Friday   
737,2023-01-07,7,1,2023,Saturday 
738,2023-01-08,8,1,2023,Sunday   
739,2023-01-09,9,1,2023,Monday   
740,2023-01-10,10,1,2023,Tuesday  
741,2023-01-11,11,1,2023,Wednesday
742,2023-01-12,12,1,2023,Thursday 
743,2023-01-13,13,1,2023,Friday   
744,2023-01-14,14,1,2023,Saturday 
745,2023-01-15,15,1,2023,Sunday   
746,2023-01-16,16,1,2023,Monday   
747,2023-01-17,17,1,2023,Tuesday  
748,2023-01-18,18,1,2023,Wednesday
749,2023-01-19,19,1,2023,Thursday 
750,2023-01-20,20,1,2023,Friday   
751,2023-01-21,21,1,2023,Saturday 
752,2023-01-22,22,1,2023,Sunday   
753,2023-01-23,23,1,2023,Monday   
754,2023-01-24,24,1,2023,Tuesday  
755,2023-01-25,25,1,2023,Wednesday
756,2023-01-26,26,1,2023,Thursday 
757,2023-01-27,27,1,2023,Friday   
758,2023-01-28,28,1,2023,Saturday 
759,2023-01-29,29,1,2023,Sunday   
760,2023-01-30,30,1,2023,Monday   
761,2023-01-31,31,1,2023,Tuesday  
762,2023-02-01,1,2,2023,Wednesday
763,2023-02-02,2,2,2023,Thursday 
764,2023-02-03,3,2,2023,Friday   
765,2023-02-04,4,2,2023,Saturday 
766,2023-02-05,5,2,2023,Sunday   
767,2023-02-06,6,2,2023,Monday   
768,2023-02-07,7,2,2023,Tuesday  
769,2023-02-08,8,2,2023,Wednesday
770,2023-02-09,9,2,2023,Thursday 
771,2023-02-10,10,2,2023,Friday   
772,2023-02-11,11,2,2023,Saturday 
773,2023-02-12,12,2,2023,Sunday   
774,2023-02-13,13,2,2023,Monday   
775,2023-02-14,14,2,2023,Tuesday  
776,2023-02-15,15,2,2023,Wednesday
777,2023-02-16,16,2,2023,Thursday 
778,2023-02-17,17,2,2023,Friday   
779,2023-02-18,18,2,2023,Saturday 
780,2023-02-19,19,2,2023,Sunday   
781,2023-02-20,20,2,2023,Monday   
782,2023-02-21,21,2,2023,Tuesday  
783,2023-02-22,22,2,2023,Wednesday
784,2023-02-23,23,2,2023,Thursday 
785,2023-02-24,24,2,2023,Friday   
786,2023-02-25,25,2,2023,Saturday 
787,2023-02-26,26,2,2023,Sunday   
788,2023-02-27,27,2,2023,Monday   
789,2023-02-28,28,2,2023,Tuesday  
790,2023-03-01,1,3,2023,Wednesday
791,2023-03-02,2,3,2023,Thursday 
792,2023-03-03,3,3,2023,Friday   
793,2023-03-04,4,3,2023,Saturday 
794,2023-03-05,5,3,2023,Sunday   
795,2023-03-06,6,3,2023,Monday   
796,2023-03-07,7,3,2023,Tuesday  
797,2023-03-08,8,3,2023,Wednesday
798,2023-03-09,9,3,2023,Thursday 
799,2023-03-10,10,3,2023,Friday   
800,2023-03-11,11,3,2023,Saturday 
801,2023-03-12,12,3,2023,Sunday   
802,2023-03-13,13,3,2023,Monday   
803,2023-03-14,14,3,2023,Tuesday  
804,2023-03-15,15,3,2023,Wednesday
805,2023-03-16,16,3,2023,Thursday 
806,2023-03-17,17,3,2023,Friday   
807,2023-03-18,18,3,2023,Saturday 
808,2023-03-19,19,3,2023,Sunday   
809,2023-03-20,20,3,2023,Monday   
810,2023-03-21,21,3,2023,Tuesday  
811,2023-03-22,22,3,2023,Wednesday
812,2023-03-23,23,3,2023,Thursday 
813,2023-03-24,24,3,2023,Friday   
814,2023-03-25,25,3,2023,Saturday 
815,2023-03-26,26,3,2023,Sunday   
816,2023-03-27,27,3,2023,Monday   
817,2023-03-28,28,3,2023,Tuesday  
818,2023-03-29,29,3,2023,Wednesday
819,2023-03-30,30,3,2023,Thursday 
820,2023-03-31,31,3,2023,Friday   
821,2023-04-01,1,4,2023,Saturday 
822,2023-04-02,2,4,2023,Sunday   
823,2023-04-03,3,4,2023,Monday   
824,2023-04-04,4,4,2023,Tuesday  
825,2023-04-05,5,4,2023,Wednesday
826,2023-04-06,6,4,2023,Thursday 
827,2023-04-07,7,4,2023,Friday   
828,2023-04-08,8,4,2023,Saturday 
829,2023-04-09,9,4,2023,Sunday   
830,2023-04-10,10,4,2023,Monday   
831,2023-04-11,11,4,2023,Tuesday  
832,2023-04-12,12,4,2023,Wednesday
833,2023-04-13,13,4,2023,Thursday 
834,2023-04-14,14,4,2023,Friday   
835,2023-04-15,15,4,2023,Saturday 
836,2023-04-16,16,4,2023,Sunday   
837,2023-04-17,17,4,2023,Monday   
838,2023-04-18,18,4,2023,Tuesday  
839,2023-04-19,19,4,2023,Wednesday
840,2023-04-20,20,4,2023,Thursday 
841,2023-04-21,21,4,2023,Friday   
842,2023-04-22,22,4,2023,Saturday 
843,2023-04-23,23,4,2023,Sunday   
844,2023-04-24,24,4,2023,Monday   
845,2023-04-25,25,4,2023,Tuesday  
846,2023-04-26,26,4,2023,Wednesday
847,2023-04-27,27,4,2023,Thursday 
848,2023-04-28,28,4,2023,Friday   
849,2023-04-29,29,4,2023,Saturday 
850,2023-04-30,30,4,2023,Sunday   
851,2023-05-01,1,5,2023,Monday   
852,2023-05-02,2,5,2023,Tuesday  
853,2023-05-03,3,5,2023,Wednesday
854,2023-05-04,4,5,2023,Thursday 
855,2023-05-05,5,5,2023,Friday   
856,2023-05-06,6,5,2023,Saturday 
857,2023-05-07,7,5,2023,Sunday   
858,2023-05-08,8,5,2023,Monday   
859,2023-05-09,9,5,2023,Tuesday  
860,2023-05-10,10,5,2023,Wednesday
861,2023-05-11,11,5,2023,Thursday 
862,2023-05-12,12,5,2023,Friday   
863,2023-05-13,13,5,2023,Saturday 
864,2023-05-14,14,5,2023,Sunday   
865,2023-05-15,15,5,2023,Monday   
866,2023-05-16,16,5,2023,Tuesday  
867,2023-05-17,17,5,2023,Wednesday
868,2023-05-18,18,5,2023,Thursday 
869,2023-05-19,19,5,2023,Friday   
870,2023-05-20,20,5,2023,Saturday 
871,2023-05-21,21,5,2023,Sunday   
872,2023-05-22,22,5,2023,Monday   
873,2023-05-23,23,5,2023,Tuesday  
874,2023-05-24,24,5,2023,Wednesday
875,2023-05-25,25,5,2023,Thursday 
876,2023-05-26,26,5,2023,Friday   
877,2023-05-27,27,5,2023,Saturday 
878,2023-05-28,28,5,2023,Sunday   
879,2023-05-29,29,5,2023,Monday   
880,2023-05-30,30,5,2023,Tuesday  
881,2023-05-31,31,5,2023,Wednesday
882,2023-06-01,1,6,2023,Thursday 
883,2023-06-02,2,6,2023,Friday   
884,2023-06-03,3,6,2023,Saturday 
885,2023-06-04,4,6,2023,Sunday   
886,2023-06-05,5,6,2023,Monday   
887,2023-06-06,6,6,2023,Tuesday  
888,2023-06-07,7,6,2023,Wednesday
889,2023-06-08,8,6,2023,Thursday 
890,2023-06-09,9,6,2023,Friday   
891,2023-06-10,10,6,2023,Saturday 
892,2023-06-11,11,6,2023,Sunday   
893,2023-06-12,12,6,2023,Monday   
894,2023-06-13,13,6,2023,Tuesday  
895,2023-06-14,14,6,2023,Wednesday
896,2023-06-15,15,6,2023,Thursday 
897,2023-06-16,16,6,2023,Friday   
898,2023-06-17,17,6,2023,Saturday 
899,2023-06-18,18,6,2023,Sunday   
900,2023-06-19,19,6,2023,Monday   
901,2023-06-20,20,6,2023,Tuesday  
902,2023-06-21,21,6,2023,Wednesday
903,2023-06-22,22,6,2023,Thursday 
904,2023-06-23,23,6,2023,Friday   
905,2023-06-24,24,6,2023,Saturday 
906,2023-06-25,25,6,2023,Sunday   
907,2023-06-26,26,6,2023,Monday   
908,2023-06-27,27,6,2023,Tuesday  
909,2023-06-28,28,6,2023,Wednesday
910,2023-06-29,29,6,2023,Thursday 
911,2023-06-30,30,6,2023,Friday   
912,2023-07-01,1,7,2023,Saturday 
913,2023-07-02,2,7,2023,Sunday   
914,2023-07-03,3,7,2023,Monday   
915,2023-07-04,4,7,2023,Tuesday  
916,2023-07-05,5,7,2023,Wednesday
917,2023-07-06,6,7,2023,Thursday 
918,2023-07-07,7,7,2023,Friday   
919,2023-07-08,8,7,2023,Saturday 
920,2023-07-09,9,7,2023,Sunday   
921,2023-07-10,10,7,2023,Monday   
922,2023-07-11,11,7,2023,Tuesday  
923,2023-07-12,12,7,2023,Wednesday
924,2023-07-13,13,7,2023,Thursday 
925,2023-07-14,14,7,2023,Friday   
926,2023-07-15,15,7,2023,Saturday 
927,2023-07-16,16,7,2023,Sunday   
928,2023-07-17,17,7,2023,Monday   
929,2023-07-18,18,7,2023,Tuesday  
930,2023-07-19,19,7,2023,Wednesday
931,2023-07-20,20,7,2023,Thursday 
932,2023-07-21,21,7,2023,Friday   
933,2023-07-22,22,7,2023,Saturday 
934,2023-07-23,23,7,2023,Sunday   
935,2023-07-24,24,7,2023,Monday   
936,2023-07-25,25,7,2023,Tuesday  
937,2023-07-26,26,7,2023,Wednesday
938,2023-07-27,27,7,2023,Thursday 
939,2023-07-28,28,7,2023,Friday   
940,2023-07-29,29,7,2023,Saturday 
941,2023-07-30,30,7,2023,Sunday   
942,2023-07-31,31,7,2023,Monday   
943,2023-08-01,1,8,2023,Tuesday  
944,2023-08-02,2,8,2023,Wednesday
945,2023-08-03,3,8,2023,Thursday 
946,2023-08-04,4,8,2023,Friday   
947,2023-08-05,5,8,2023,Saturday 
948,2023-08-06,6,8,2023,Sunday   
949,2023-08-07,7,8,2023,Monday   
950,2023-08-08,8,8,2023,Tuesday  
951,2023-08-09,9,8,2023,Wednesday
952,2023-08-10,10,8,2023,Thursday 
953,2023-08-11,11,8,2023,Friday   
954,2023-08-12,12,8,2023,Saturday 
955,2023-08-13,13,8,2023,Sunday   
956,2023-08-14,14,8,2023,Monday   
957,2023-08-15,15,8,2023,Tuesday  
958,2023-08-16,16,8,2023,Wednesday
959,2023-08-17,17,8,2023,Thursday 
960,2023-08-18,18,8,2023,Friday   
961,2023-08-19,19,8,2023,Saturday 
962,2023-08-20,20,8,2023,Sunday   
963,2023-08-21,21,8,2023,Monday   
964,2023-08-22,22,8,2023,Tuesday  
965,2023-08-23,23,8,2023,Wednesday
966,2023-08-24,24,8,2023,Thursday 
967,2023-08-25,25,8,2023,Friday   
968,2023-08-26,26,8,2023,Saturday 
969,2023-08-27,27,8,2023,Sunday   
970,2023-08-28,28,8,2023,Monday   
971,2023-08-29,29,8,2023,Tuesday  
972,2023-08-30,30,8,2023,Wednesday
973,2023-08-31,31,8,2023,Thursday 
974,2023-09-01,1,9,2023,Friday   
975,2023-09-02,2,9,2023,Saturday 
976,2023-09-03,3,9,2023,Sunday   
977,2023-09-04,4,9,2023,Monday   
978,2023-09-05,5,9,2023,Tuesday  
979,2023-09-06,6,9,2023,Wednesday
980,2023-09-07,7,9,2023,Thursday 
981,2023-09-08,8,9,2023,Friday   
982,2023-09-09,9,9,2023,Saturday 
983,2023-09-10,10,9,2023,Sunday   
984,2023-09-11,11,9,2023,Monday   
985,2023-09-12,12,9,2023,Tuesday  
986,2023-09-13,13,9,2023,Wednesday
987,2023-09-14,14,9,2023,Thursday 
988,2023-09-15,15,9,2023,Friday   
989,2023-09-16,16,9,2023,Saturday 
990,2023-09-17,17,9,2023,Sunday   
991,2023-09-18,18,9,2023,Monday   
992,2023-09-19,19,9,2023,Tuesday  
993,2023-09-20,20,9,2023,Wednesday
994,2023-09-21,21,9,2023,Thursday 
995,2023-09-22,22,9,2023,Friday   
996,2023-09-23,23,9,2023,Saturday 
997,2023-09-24,24,9,2023,Sunday   
998,2023-09-25,25,9,2023,Monday   
999,2023-09-26,26,9,2023,Tuesday  
1000,2023-09-27,27,9,2023,Wednesday
1001,2023-09-28,28,9,2023,Thursday 
1002,2023-09-29,29,9,2023,Friday   
1003,2023-09-30,30,9,2023,Saturday 
1004,2023-10-01,1,10,2023,Sunday   
1005,2023-10-02,2,10,2023,Monday   
1006,2023-10-03,3,10,2023,Tuesday  
1007,2023-10-04,4,10,2023,Wednesday
1008,2023-10-05,5,10,2023,Thursday 
1009,2023-10-06,6,10,2023,Friday   
1010,2023-10-07,7,10,2023,Saturday 
1011,2023-10-08,8,10,2023,Sunday   
1012,2023-10-09,9,10,2023,Monday   
1013,2023-10-10,10,10,2023,Tuesday  
1014,2023-10-11,11,10,2023,Wednesday
1015,2023-10-12,12,10,2023,Thursday 
1016,2023-10-13,13,10,2023,Friday   
1017,2023-10-14,14,10,2023,Saturday 
1018,2023-10-15,15,10,2023,Sunday   
1019,2023-10-16,16,10,2023,Monday   
1020,2023-10-17,17,10,2023,Tuesday  
1021,2023-10-18,18,10,2023,Wednesday
1022,2023-10-19,19,10,2023,Thursday 
1023,2023-10-20,20,10,2023,Friday   
1024,2023-10-21,21,10,2023,Saturday 
1025,2023-10-22,22,10,2023,Sunday   
1026,2023-10-23,23,10,2023,Monday   
1027,2023-10-24,24,10,2023,Tuesday  
1028,2023-10-25,25,10,2023,Wednesday
1029,2023-10-26,26,10,2023,Thursday 
1030,2023-10-27,27,10,2023,Friday   
1031,2023-10-28,28,10,2023,Saturday 
1032,2023-10-29,29,10,2023,Sunday   
1033,2023-10-30,30,10,2023,Monday   
1034,2023-10-31,31,10,2023,Tuesday  
1035,2023-11-01,1,11,2023,Wednesday
1036,2023-11-02,2,11,2023,Thursday 
1037,2023-11-03,3,11,2023,Friday   
1038,2023-11-04,4,11,2023,Saturday 
1039,2023-11-05,5,11,2023,Sunday   
1040,2023-11-06,6,11,2023,Monday   
1041,2023-11-07,7,11,2023,Tuesday  
1042,2023-11-08,8,11,2023,Wednesday
1043,2023-11-09,9,11,2023,Thursday 
1044,2023-11-10,10,11,2023,Friday   
1045,2023-11-11,11,11,2023,Saturday 
1046,2023-11-12,12,11,2023,Sunday   
1047,2023-11-13,13,11,2023,Monday   
1048,2023-11-14,14,11,2023,Tuesday  
1049,2023-11-15,15,11,2023,Wednesday
1050,2023-11-16,16,11,2023,Thursday 
1051,2023-11-17,17,11,2023,Friday   
1052,2023-11-18,18,11,2023,Saturday 
1053,2023-11-19,19,11,2023,Sunday   
1054,2023-11-20,20,11,2023,Monday   
1055,2023-11-21,21,11,2023,Tuesday  
1056,2023-11-22,22,11,2023,Wednesday
1057,2023-11-23,23,11,2023,Thursday 
1058,2023-11-24,24,11,2023,Friday   
1059,2023-11-25,25,11,2023,Saturday 
1060,2023-11-26,26,11,2023,Sunday   
1061,2023-11-27,27,11,2023,Monday   
1062,2023-11-28,28,11,2023,Tuesday  
1063,2023-11-29,29,11,2023,Wednesday
1064,2023-11-30,30,11,2023,Thursday 
1065,2023-12-01,1,12,2023,Friday   
1066,2023-12-02,2,12,2023,Saturday 
1067,2023-12-03,3,12,2023,Sunday   
1068,2023-12-04,4,12,2023,Monday   
1069,2023-12-05,5,12,2023,Tuesday  
1070,2023-12-06,6,12,2023,Wednesday
1071,2023-12-07,7,12,2023,Thursday 
1072,2023-12-08,8,12,2023,Friday   
1073,2023-12-09,9,12,2023,Saturday 
1074,2023-12-10,10,12,2023,Sunday   
1075,2023-12-11,11,12,2023,Monday   
1076,2023-12-12,12,12,2023,Tuesday  
1077,2023-12-13,13,12,2023,Wednesday
1078,2023-12-14,14,12,2023,Thursday 
1079,2023-12-15,15,12,2023,Friday   
1080,2023-12-16,16,12,2023,Saturday 
1081,2023-12-17,17,12,2023,Sunday   
1082,2023-12-18,18,12,2023,Monday   
1083,2023-12-19,19,12,2023,Tuesday  
1084,2023-12-20,20,12,2023,Wednesday
1085,2023-12-21,21,12,2023,Thursday 
1086,2023-12-22,22,12,2023,Friday   
1087,2023-12-23,23,12,2023,Saturday 
1088,2023-12-24,24,12,2023,Sunday   
1089,2023-12-25,25,12,2023,Monday   
1090,2023-12-26,26,12,2023,Tuesday  
1091,2023-12-27,27,12,2023,Wednesday
1092,2023-12-28,28,12,2023,Thursday 
1093,2023-12-29,29,12,2023,Friday   
1094,2023-12-30,30,12,2023,Saturday 
1095,2023-12-31,31,12,2023,Sunday   
1096,2024-01-01,1,1,2024,Monday   
1097,2024-01-02,2,1,2024,Tuesday  
1098,2024-01-03,3,1,2024,Wednesday
1099,2024-01-04,4,1,2024,Thursday 
1100,2024-01-05,5,1,2024,Friday   
1101,2024-01-06,6,1,2024,Saturday 
1102,2024-01-07,7,1,2024,Sunday   
1103,2024-01-08,8,1,2024,Monday   
1104,2024-01-09,9,1,2024,Tuesday  
1105,2024-01-10,10,1,2024,Wednesday
1106,2024-01-11,11,1,2024,Thursday 
1107,2024-01-12,12,1,2024,Friday   
1108,2024-01-13,13,1,2024,Saturday 
1109,2024-01-14,14,1,2024,Sunday   
1110,2024-01-15,15,1,2024,Monday   
1111,2024-01-16,16,1,2024,Tuesday  
1112,2024-01-17,17,1,2024,Wednesday
1113,2024-01-18,18,1,2024,Thursday 
1114,2024-01-19,19,1,2024,Friday   
1115,2024-01-20,20,1,2024,Saturday 
1116,2024-01-21,21,1,2024,Sunday   
1117,2024-01-22,22,1,2024,Monday   
1118,2024-01-23,23,1,2024,Tuesday  
1119,2024-01-24,24,1,2024,Wednesday
1120,2024-01-25,25,1,2024,Thursday 
1121,2024-01-26,26,1,2024,Friday   
1122,2024-01-27,27,1,2024,Saturday 
1123,2024-01-28,28,1,2024,Sunday   
1124,2024-01-29,29,1,2024,Monday   
1125,2024-01-30,30,1,2024,Tuesday  
1126,2024-01-31,31,1,2024,Wednesday
1127,2024-02-01,1,2,2024,Thursday 
1128,2024-02-02,2,2,2024,Friday   
1129,2024-02-03,3,2,2024,Saturday 
1130,2024-02-04,4,2,2024,Sunday   
1131,2024-02-05,5,2,2024,Monday   
1132,2024-02-06,6,2,2024,Tuesday  
1133,2024-02-07,7,2,2024,Wednesday
1134,2024-02-08,8,2,2024,Thursday 
1135,2024-02-09,9,2,2024,Friday   
1136,2024-02-10,10,2,2024,Saturday 
1137,2024-02-11,11,2,2024,Sunday   
1138,2024-02-12,12,2,2024,Monday   
1139,2024-02-13,13,2,2024,Tuesday  
1140,2024-02-14,14,2,2024,Wednesday
1141,2024-02-15,15,2,2024,Thursday 
1142,2024-02-16,16,2,2024,Friday   
1143,2024-02-17,17,2,2024,Saturday 
1144,2024-02-18,18,2,2024,Sunday   
1145,2024-02-19,19,2,2024,Monday   
1146,2024-02-20,20,2,2024,Tuesday  
1147,2024-02-21,21,2,2024,Wednesday
1148,2024-02-22,22,2,2024,Thursday 
1149,2024-02-23,23,2,2024,Friday   
1150,2024-02-24,24,2,2024,Saturday 
1151,2024-02-25,25,2,2024,Sunday   
1152,2024-02-26,26,2,2024,Monday   
1153,2024-02-27,27,2,2024,Tuesday  
1154,2024-02-28,28,2,2024,Wednesday
1155,2024-02-29,29,2,2024,Thursday 
1156,2024-03-01,1,3,2024,Friday   
1157,2024-03-02,2,3,2024,Saturday 
1158,2024-03-03,3,3,2024,Sunday   
1159,2024-03-04,4,3,2024,Monday   
1160,2024-03-05,5,3,2024,Tuesday  
1161,2024-03-06,6,3,2024,Wednesday
1162,2024-03-07,7,3,2024,Thursday 
1163,2024-03-08,8,3,2024,Friday   
1164,2024-03-09,9,3,2024,Saturday 
1165,2024-03-10,10,3,2024,Sunday   
1166,2024-03-11,11,3,2024,Monday   
1167,2024-03-12,12,3,2024,Tuesday  
1168,2024-03-13,13,3,2024,Wednesday
1169,2024-03-14,14,3,2024,Thursday 
1170,2024-03-15,15,3,2024,Friday   
1171,2024-03-16,16,3,2024,Saturday 
1172,2024-03-17,17,3,2024,Sunday   
1173,2024-03-18,18,3,2024,Monday   
1174,2024-03-19,19,3,2024,Tuesday  
1175,2024-03-20,20,3,2024,Wednesday
1176,2024-03-21,21,3,2024,Thursday 
1177,2024-03-22,22,3,2024,Friday   
1178,2024-03-23,23,3,2024,Saturday 
1179,2024-03-24,24,3,2024,Sunday   
1180,2024-03-25,25,3,2024,Monday   
1181,2024-03-26,26,3,2024,Tuesday  
1182,2024-03-27,27,3,2024,Wednesday
1183,2024-03-28,28,3,2024,Thursday 
1184,2024-03-29,29,3,2024,Friday   
1185,2024-03-30,30,3,2024,Saturday 
1186,2024-03-31,31,3,2024,Sunday   
1187,2024-04-01,1,4,2024,Monday   
1188,2024-04-02,2,4,2024,Tuesday  
1189,2024-04-03,3,4,2024,Wednesday
1190,2024-04-04,4,4,2024,Thursday 
1191,2024-04-05,5,4,2024,Friday   
1192,2024-04-06,6,4,2024,Saturday 
1193,2024-04-07,7,4,2024,Sunday   
1194,2024-04-08,8,4,2024,Monday   
1195,2024-04-09,9,4,2024,Tuesday  
1196,2024-04-10,10,4,2024,Wednesday
1197,2024-04-11,11,4,2024,Thursday 
1198,2024-04-12,12,4,2024,Friday   
1199,2024-04-13,13,4,2024,Saturday 
1200,2024-04-14,14,4,2024,Sunday   
1201,2024-04-15,15,4,2024,Monday   
1202,2024-04-16,16,4,2024,Tuesday  
1203,2024-04-17,17,4,2024,Wednesday
1204,2024-04-18,18,4,2024,Thursday 
1205,2024-04-19,19,4,2024,Friday   
1206,2024-04-20,20,4,2024,Saturday 
1207,2024-04-21,21,4,2024,Sunday   
1208,2024-04-22,22,4,2024,Monday   
1209,2024-04-23,23,4,2024,Tuesday  
1210,2024-04-24,24,4,2024,Wednesday
1211,2024-04-25,25,4,2024,Thursday 
1212,2024-04-26,26,4,2024,Friday   
1213,2024-04-27,27,4,2024,Saturday 
1214,2024-04-28,28,4,2024,Sunday   
1215,2024-04-29,29,4,2024,Monday   
1216,2024-04-30,30,4,2024,Tuesday  
1217,2024-05-01,1,5,2024,Wednesday
1218,2024-05-02,2,5,2024,Thursday 
1219,2024-05-03,3,5,2024,Friday   
1220,2024-05-04,4,5,2024,Saturday 
1221,2024-05-05,5,5,2024,Sunday   
1222,2024-05-06,6,5,2024,Monday   
1223,2024-05-07,7,5,2024,Tuesday  
1224,2024-05-08,8,5,2024,Wednesday
1225,2024-05-09,9,5,2024,Thursday 
1226,2024-05-10,10,5,2024,Friday   
1227,2024-05-11,11,5,2024,Saturday 
1228,2024-05-12,12,5,2024,Sunday   
1229,2024-05-13,13,5,2024,Monday   
1230,2024-05-14,14,5,2024,Tuesday  
1231,2024-05-15,15,5,2024,Wednesday
1232,2024-05-16,16,5,2024,Thursday 
1233,2024-05-17,17,5,2024,Friday   
1234,2024-05-18,18,5,2024,Saturday 
1235,2024-05-19,19,5,2024,Sunday   
1236,2024-05-20,20,5,2024,Monday   
1237,2024-05-21,21,5,2024,Tuesday  
1238,2024-05-22,22,5,2024,Wednesday
1239,2024-05-23,23,5,2024,Thursday 
1240,2024-05-24,24,5,2024,Friday   
1241,2024-05-25,25,5,2024,Saturday 
1242,2024-05-26,26,5,2024,Sunday   
1243,2024-05-27,27,5,2024,Monday   
1244,2024-05-28,28,5,2024,Tuesday  
1245,2024-05-29,29,5,2024,Wednesday
1246,2024-05-30,30,5,2024,Thursday 
1247,2024-05-31,31,5,2024,Friday   
1248,2024-06-01,1,6,2024,Saturday 
1249,2024-06-02,2,6,2024,Sunday   
1250,2024-06-03,3,6,2024,Monday   
1251,2024-06-04,4,6,2024,Tuesday  
1252,2024-06-05,5,6,2024,Wednesday
1253,2024-06-06,6,6,2024,Thursday 
1254,2024-06-07,7,6,2024,Friday   
1255,2024-06-08,8,6,2024,Saturday 
1256,2024-06-09,9,6,2024,Sunday   
1257,2024-06-10,10,6,2024,Monday   
1258,2024-06-11,11,6,2024,Tuesday  
1259,2024-06-12,12,6,2024,Wednesday
1260,2024-06-13,13,6,2024,Thursday 
1261,2024-06-14,14,6,2024,Friday   
1262,2024-06-15,15,6,2024,Saturday 
1263,2024-06-16,16,6,2024,Sunday   
1264,2024-06-17,17,6,2024,Monday   
1265,2024-06-18,18,6,2024,Tuesday  
1266,2024-06-19,19,6,2024,Wednesday
1267,2024-06-20,20,6,2024,Thursday 
1268,2024-06-21,21,6,2024,Friday   
1269,2024-06-22,22,6,2024,Saturday 
1270,2024-06-23,23,6,2024,Sunday   
1271,2024-06-24,24,6,2024,Monday   
1272,2024-06-25,25,6,2024,Tuesday  
1273,2024-06-26,26,6,2024,Wednesday
1274,2024-06-27,27,6,2024,Thursday 
1275,2024-06-28,28,6,2024,Friday   
1276,2024-06-29,29,6,2024,Saturday 
1277,2024-06-30,30,6,2024,Sunday   
1278,2024-07-01,1,7,2024,Monday   
1279,2024-07-02,2,7,2024,Tuesday  
1280,2024-07-03,3,7,2024,Wednesday
1281,2024-07-04,4,7,2024,Thursday 
1282,2024-07-05,5,7,2024,Friday   
1283,2024-07-06,6,7,2024,Saturday 
1284,2024-07-07,7,7,2024,Sunday   
1285,2024-07-08,8,7,2024,Monday   
1286,2024-07-09,9,7,2024,Tuesday  
1287,2024-07-10,10,7,2024,Wednesday
1288,2024-07-11,11,7,2024,Thursday 
1289,2024-07-12,12,7,2024,Friday   
1290,2024-07-13,13,7,2024,Saturday 
1291,2024-07-14,14,7,2024,Sunday   
1292,2024-07-15,15,7,2024,Monday   
1293,2024-07-16,16,7,2024,Tuesday  
1294,2024-07-17,17,7,2024,Wednesday
1295,2024-07-18,18,7,2024,Thursday 
1296,2024-07-19,19,7,2024,Friday   
1297,2024-07-20,20,7,2024,Saturday 
1298,2024-07-21,21,7,2024,Sunday   
1299,2024-07-22,22,7,2024,Monday   
1300,2024-07-23,23,7,2024,Tuesday  
1301,2024-07-24,24,7,2024,Wednesday
1302,2024-07-25,25,7,2024,Thursday 
1303,2024-07-26,26,7,2024,Friday   
1304,2024-07-27,27,7,2024,Saturday 
1305,2024-07-28,28,7,2024,Sunday   
1306,2024-07-29,29,7,2024,Monday   
1307,2024-07-30,30,7,2024,Tuesday  
1308,2024-07-31,31,7,2024,Wednesday
1309,2024-08-01,1,8,2024,Thursday 
1310,2024-08-02,2,8,2024,Friday   
1311,2024-08-03,3,8,2024,Saturday 
1312,2024-08-04,4,8,2024,Sunday   
1313,2024-08-05,5,8,2024,Monday   
1314,2024-08-06,6,8,2024,Tuesday  
1315,2024-08-07,7,8,2024,Wednesday
1316,2024-08-08,8,8,2024,Thursday 
1317,2024-08-09,9,8,2024,Friday   
1318,2024-08-10,10,8,2024,Saturday 
1319,2024-08-11,11,8,2024,Sunday   
1320,2024-08-12,12,8,2024,Monday   
1321,2024-08-13,13,8,2024,Tuesday  
1322,2024-08-14,14,8,2024,Wednesday
1323,2024-08-15,15,8,2024,Thursday 
1324,2024-08-16,16,8,2024,Friday   
1325,2024-08-17,17,8,2024,Saturday 
1326,2024-08-18,18,8,2024,Sunday   
1327,2024-08-19,19,8,2024,Monday   
1328,2024-08-20,20,8,2024,Tuesday  
1329,2024-08-21,21,8,2024,Wednesday
1330,2024-08-22,22,8,2024,Thursday 
1331,2024-08-23,23,8,2024,Friday   
1332,2024-08-24,24,8,2024,Saturday 
1333,2024-08-25,25,8,2024,Sunday   
1334,2024-08-26,26,8,2024,Monday   
1335,2024-08-27,27,8,2024,Tuesday  
1336,2024-08-28,28,8,2024,Wednesday
1337,2024-08-29,29,8,2024,Thursday 
1338,2024-08-30,30,8,2024,Friday   
1339,2024-08-31,31,8,2024,Saturday 
1340,2024-09-01,1,9,2024,Sunday   
1341,2024-09-02,2,9,2024,Monday   
1342,2024-09-03,3,9,2024,Tuesday  
1343,2024-09-04,4,9,2024,Wednesday
1344,2024-09-05,5,9,2024,Thursday 
1345,2024-09-06,6,9,2024,Friday   
1346,2024-09-07,7,9,2024,Saturday 
1347,2024-09-08,8,9,2024,Sunday   
1348,2024-09-09,9,9,2024,Monday   
1349,2024-09-10,10,9,2024,Tuesday  
1350,2024-09-11,11,9,2024,Wednesday
1351,2024-09-12,12,9,2024,Thursday 
1352,2024-09-13,13,9,2024,Friday   
1353,2024-09-14,14,9,2024,Saturday 
1354,2024-09-15,15,9,2024,Sunday   
1355,2024-09-16,16,9,2024,Monday   
1356,2024-09-17,17,9,2024,Tuesday  
1357,2024-09-18,18,9,2024,Wednesday
1358,2024-09-19,19,9,2024,Thursday 
1359,2024-09-20,20,9,2024,Friday   
1360,2024-09-21,21,9,2024,Saturday 
1361,2024-09-22,22,9,2024,Sunday   
1362,2024-09-23,23,9,2024,Monday   
1363,2024-09-24,24,9,2024,Tuesday  
1364,2024-09-25,25,9,2024,Wednesday
1365,2024-09-26,26,9,2024,Thursday 
1366,2024-09-27,27,9,2024,Friday   
1367,2024-09-28,28,9,2024,Saturday 
1368,2024-09-29,29,9,2024,Sunday   
1369,2024-09-30,30,9,2024,Monday   
1370,2024-10-01,1,10,2024,Tuesday  
1371,2024-10-02,2,10,2024,Wednesday
1372,2024-10-03,3,10,2024,Thursday 
1373,2024-10-04,4,10,2024,Friday   
1374,2024-10-05,5,10,2024,Saturday 
1375,2024-10-06,6,10,2024,Sunday   
1376,2024-10-07,7,10,2024,Monday   
1377,2024-10-08,8,10,2024,Tuesday  
1378,2024-10-09,9,10,2024,Wednesday
1379,2024-10-10,10,10,2024,Thursday 
1380,2024-10-11,11,10,2024,Friday   
1381,2024-10-12,12,10,2024,Saturday 
1382,2024-10-13,13,10,2024,Sunday   
1383,2024-10-14,14,10,2024,Monday   
1384,2024-10-15,15,10,2024,Tuesday  
1385,2024-10-16,16,10,2024,Wednesday
1386,2024-10-17,17,10,2024,Thursday 
1387,2024-10-18,18,10,2024,Friday   
1388,2024-10-19,19,10,2024,Saturday 
1389,2024-10-20,20,10,2024,Sunday   
1390,2024-10-21,21,10,2024,Monday   
1391,2024-10-22,22,10,2024,Tuesday  
1392,2024-10-23,23,10,2024,Wednesday
1393,2024-10-24,24,10,2024,Thursday 
1394,2024-10-25,25,10,2024,Friday   
1395,2024-10-26,26,10,2024,Saturday 
1396,2024-10-27,27,10,2024,Sunday   
1397,2024-10-28,28,10,2024,Monday   
1398,2024-10-29,29,10,2024,Tuesday  
1399,2024-10-30,30,10,2024,Wednesday
1400,2024-10-31,31,10,2024,Thursday 
1401,2024-11-01,1,11,2024,Friday   
1402,2024-11-02,2,11,2024,Saturday 
1403,2024-11-03,3,11,2024,Sunday   
1404,2024-11-04,4,11,2024,Monday   
1405,2024-11-05,5,11,2024,Tuesday  
1406,2024-11-06,6,11,2024,Wednesday
1407,2024-11-07,7,11,2024,Thursday 
1408,2024-11-08,8,11,2024,Friday   
1409,2024-11-09,9,11,2024,Saturday 
1410,2024-11-10,10,11,2024,Sunday   
1411,2024-11-11,11,11,2024,Monday   
1412,2024-11-12,12,11,2024,Tuesday  
1413,2024-11-13,13,11,2024,Wednesday
1414,2024-11-14,14,11,2024,Thursday 
1415,2024-11-15,15,11,2024,Friday   
1416,2024-11-16,16,11,2024,Saturday 
1417,2024-11-17,17,11,2024,Sunday   
1418,2024-11-18,18,11,2024,Monday   
1419,2024-11-19,19,11,2024,Tuesday  
1420,2024-11-20,20,11,2024,Wednesday
1421,2024-11-21,21,11,2024,Thursday 
1422,2024-11-22,22,11,2024,Friday   
1423,2024-11-23,23,11,2024,Saturday 
1424,2024-11-24,24,11,2024,Sunday   
1425,2024-11-25,25,11,2024,Monday   
1426,2024-11-26,26,11,2024,Tuesday  
1427,2024-11-27,27,11,2024,Wednesday
1428,2024-11-28,28,11,2024,Thursday 
1429,2024-11-29,29,11,2024,Friday   
1430,2024-11-30,30,11,2024,Saturday 
1431,2024-12-01,1,12,2024,Sunday   
1432,2024-12-02,2,12,2024,Monday   
1433,2024-12-03,3,12,2024,Tuesday  
1434,2024-12-04,4,12,2024,Wednesday
1435,2024-12-05,5,12,2024,Thursday 
1436,2024-12-06,6,12,2024,Friday   
1437,2024-12-07,7,12,2024,Saturday 
1438,2024-12-08,8,12,2024,Sunday   
1439,2024-12-09,9,12,2024,Monday   
1440,2024-12-10,10,12,2024,Tuesday  
1441,2024-12-11,11,12,2024,Wednesday
1442,2024-12-12,12,12,2024,Thursday 
1443,2024-12-13,13,12,2024,Friday   
1444,2024-12-14,14,12,2024,Saturday 
1445,2024-12-15,15,12,2024,Sunday   
1446,2024-12-16,16,12,2024,Monday   
1447,2024-12-17,17,12,2024,Tuesday  
1448,2024-12-18,18,12,2024,Wednesday
1449,2024-12-19,19,12,2024,Thursday 
1450,2024-12-20,20,12,2024,Friday   
1451,2024-12-21,21,12,2024,Saturday 
1452,2024-12-22,22,12,2024,Sunday   
1453,2024-12-23,23,12,2024,Monday   
1454,2024-12-24,24,12,2024,Tuesday  
1455,2024-12-25,25,12,2024,Wednesday
1456,2024-12-26,26,12,2024,Thursday 
1457,2024-12-27,27,12,2024,Friday   
1458,2024-12-28,28,12,2024,Saturday 
1459,2024-12-29,29,12,2024,Sunday   
1460,2024-12-30,30,12,2024,Monday   
1461,2024-12-31,31,12,2024,Tuesday  
1462,2025-01-01,1,1,2025,Wednesday
1463,2025-01-02,2,1,2025,Thursday 
1464,2025-01-03,3,1,2025,Friday   
1465,2025-01-04,4,1,2025,Saturday 
1466,2025-01-05,5,1,2025,Sunday   
1467,2025-01-06,6,1,2025,Monday   
1468,2025-01-07,7,1,2025,Tuesday  
1469,2025-01-08,8,1,2025,Wednesday
1470,2025-01-09,9,1,2025,Thursday 
1471,2025-01-10,10,1,2025,Friday   
1472,2025-01-11,11,1,2025,Saturday 
1473,2025-01-12,12,1,2025,Sunday   
1474,2025-01-13,13,1,2025,Monday   
1475,2025-01-14,14,1,2025,Tuesday  
1476,2025-01-15,15,1,2025,Wednesday
1477,2025-01-16,16,1,2025,Thursday 
1478,2025-01-17,17,1,2025,Friday   
1479,2025-01-18,18,1,2025,Saturday 
1480,2025-01-19,19,1,2025,Sunday   
1481,2025-01-20,20,1,2025,Monday   
1482,2025-01-21,21,1,2025,Tuesday  
1483,2025-01-22,22,1,2025,Wednesday
1484,2025-01-23,23,1,2025,Thursday 
1485,2025-01-24,24,1,2025,Friday   
1486,2025-01-25,25,1,2025,Saturday 
1487,2025-01-26,26,1,2025,Sunday   
1488,2025-01-27,27,1,2025,Monday   
1489,2025-01-28,28,1,2025,Tuesday  
1490,2025-01-29,29,1,2025,Wednesday
1491,2025-01-30,30,1,2025,Thursday 
1492,2025-01-31,31,1,2025,Friday   
1493,2025-02-01,1,2,2025,Saturday 
1494,2025-02-02,2,2,2025,Sunday   
1495,2025-02-03,3,2,2025,Monday   
1496,2025-02-04,4,2,2025,Tuesday  
1497,2025-02-05,5,2,2025,Wednesday
1498,2025-02-06,6,2,2025,Thursday 
1499,2025-02-07,7,2,2025,Friday   
1500,2025-02-08,8,2,2025,Saturday 
1501,2025-02-09,9,2,2025,Sunday   
1502,2025-02-10,10,2,2025,Monday   
1503,2025-02-11,11,2,2025,Tuesday  
1504,2025-02-12,12,2,2025,Wednesday
1505,2025-02-13,13,2,2025,Thursday 
1506,2025-02-14,14,2,2025,Friday   
1507,2025-02-15,15,2,2025,Saturday 
1508,2025-02-16,16,2,2025,Sunday   
1509,2025-02-17,17,2,2025,Monday   
1510,2025-02-18,18,2,2025,Tuesday  
1511,2025-02-19,19,2,2025,Wednesday
1512,2025-02-20,20,2,2025,Thursday 
1513,2025-02-21,21,2,2025,Friday   
1514,2025-02-22,22,2,2025,Saturday 
1515,2025-02-23,23,2,2025,Sunday   
1516,2025-02-24,24,2,2025,Monday   
1517,2025-02-25,25,2,2025,Tuesday  
1518,2025-02-26,26,2,2025,Wednesday
1519,2025-02-27,27,2,2025,Thursday 
1520,2025-02-28,28,2,2025,Friday   
1521,2025-03-01,1,3,2025,Saturday 
1522,2025-03-02,2,3,2025,Sunday   
1523,2025-03-03,3,3,2025,Monday   
1524,2025-03-04,4,3,2025,Tuesday  
1525,2025-03-05,5,3,2025,Wednesday
1526,2025-03-06,6,3,2025,Thursday 
1527,2025-03-07,7,3,2025,Friday   
1528,2025-03-08,8,3,2025,Saturday 
1529,2025-03-09,9,3,2025,Sunday   
1530,2025-03-10,10,3,2025,Monday   
1531,2025-03-11,11,3,2025,Tuesday  
1532,2025-03-12,12,3,2025,Wednesday
1533,2025-03-13,13,3,2025,Thursday 
1534,2025-03-14,14,3,2025,Friday   
1535,2025-03-15,15,3,2025,Saturday 
1536,2025-03-16,16,3,2025,Sunday   
1537,2025-03-17,17,3,2025,Monday   
1538,2025-03-18,18,3,2025,Tuesday  
1539,2025-03-19,19,3,2025,Wednesday
1540,2025-03-20,20,3,2025,Thursday 
1541,2025-03-21,21,3,2025,Friday   
1542,2025-03-22,22,3,2025,Saturday 
1543,2025-03-23,23,3,2025,Sunday   
1544,2025-03-24,24,3,2025,Monday   
1545,2025-03-25,25,3,2025,Tuesday  
1546,2025-03-26,26,3,2025,Wednesday
1547,2025-03-27,27,3,2025,Thursday 
1548,2025-03-28,28,3,2025,Friday   
1549,2025-03-29,29,3,2025,Saturday 
1550,2025-03-30,30,3,2025,Sunday   
1551,2025-03-31,31,3,2025,Monday   
1552,2025-04-01,1,4,2025,Tuesday  
1553,2025-04-02,2,4,2025,Wednesday
1554,2025-04-03,3,4,2025,Thursday 
1555,2025-04-04,4,4,2025,Friday   
1556,2025-04-05,5,4,2025,Saturday 
1557,2025-04-06,6,4,2025,Sunday   
1558,2025-04-07,7,4,2025,Monday   
1559,2025-04-08,8,4,2025,Tuesday  
1560,2025-04-09,9,4,2025,Wednesday
1561,2025-04-10,10,4,2025,Thursday 
1562,2025-04-11,11,4,2025,Friday   
1563,2025-04-12,12,4,2025,Saturday 
1564,2025-04-13,13,4,2025,Sunday   
1565,2025-04-14,14,4,2025,Monday   
1566,2025-04-15,15,4,2025,Tuesday  
1567,2025-04-16,16,4,2025,Wednesday
1568,2025-04-17,17,4,2025,Thursday 
1569,2025-04-18,18,4,2025,Friday   
1570,2025-04-19,19,4,2025,Saturday 
1571,2025-04-20,20,4,2025,Sunday   
1572,2025-04-21,21,4,2025,Monday   
1573,2025-04-22,22,4,2025,Tuesday  
1574,2025-04-23,23,4,2025,Wednesday
1575,2025-04-24,24,4,2025,Thursday 
1576,2025-04-25,25,4,2025,Friday   
1577,2025-04-26,26,4,2025,Saturday 
1578,2025-04-27,27,4,2025,Sunday   
1579,2025-04-28,28,4,2025,Monday   
1580,2025-04-29,29,4,2025,Tuesday  
1581,2025-04-30,30,4,2025,Wednesday
1582,2025-05-01,1,5,2025,Thursday 
1583,2025-05-02,2,5,2025,Friday   
1584,2025-05-03,3,5,2025,Saturday 
1585,2025-05-04,4,5,2025,Sunday   
1586,2025-05-05,5,5,2025,Monday   
1587,2025-05-06,6,5,2025,Tuesday  
1588,2025-05-07,7,5,2025,Wednesday
1589,2025-05-08,8,5,2025,Thursday 
1590,2025-05-09,9,5,2025,Friday   
1591,2025-05-10,10,5,2025,Saturday 
1592,2025-05-11,11,5,2025,Sunday   
1593,2025-05-12,12,5,2025,Monday   
1594,2025-05-13,13,5,2025,Tuesday  
1595,2025-05-14,14,5,2025,Wednesday
1596,2025-05-15,15,5,2025,Thursday 
1597,2025-05-16,16,5,2025,Friday   
1598,2025-05-17,17,5,2025,Saturday 
1599,2025-05-18,18,5,2025,Sunday   
1600,2025-05-19,19,5,2025,Monday   
1601,2025-05-20,20,5,2025,Tuesday  
1602,2025-05-21,21,5,2025,Wednesday
1603,2025-05-22,22,5,2025,Thursday 
1604,2025-05-23,23,5,2025,Friday   
1605,2025-05-24,24,5,2025,Saturday 
1606,2025-05-25,25,5,2025,Sunday   
1607,2025-05-26,26,5,2025,Monday   
1608,2025-05-27,27,5,2025,Tuesday  
1609,2025-05-28,28,5,2025,Wednesday
1610,2025-05-29,29,5,2025,Thursday 
1611,2025-05-30,30,5,2025,Friday   
1612,2025-05-31,31,5,2025,Saturday 
1613,2025-06-01,1,6,2025,Sunday   
1614,2025-06-02,2,6,2025,Monday   
1615,2025-06-03,3,6,2025,Tuesday  
1616,2025-06-04,4,6,2025,Wednesday
1617,2025-06-05,5,6,2025,Thursday 
1618,2025-06-06,6,6,2025,Friday   
1619,2025-06-07,7,6,2025,Saturday 
1620,2025-06-08,8,6,2025,Sunday   
1621,2025-06-09,9,6,2025,Monday   
1622,2025-06-10,10,6,2025,Tuesday  
1623,2025-06-11,11,6,2025,Wednesday
1624,2025-06-12,12,6,2025,Thursday 
1625,2025-06-13,13,6,2025,Friday   
1626,2025-06-14,14,6,2025,Saturday 
1627,2025-06-15,15,6,2025,Sunday   
1628,2025-06-16,16,6,2025,Monday   
1629,2025-06-17,17,6,2025,Tuesday  
1630,2025-06-18,18,6,2025,Wednesday
1631,2025-06-19,19,6,2025,Thursday 
1632,2025-06-20,20,6,2025,Friday   
1633,2025-06-21,21,6,2025,Saturday 
1634,2025-06-22,22,6,2025,Sunday   
1635,2025-06-23,23,6,2025,Monday   
1636,2025-06-24,24,6,2025,Tuesday  
1637,2025-06-25,25,6,2025,Wednesday
1638,2025-06-26,26,6,2025,Thursday 
1639,2025-06-27,27,6,2025,Friday   
1640,2025-06-28,28,6,2025,Saturday 
1641,2025-06-29,29,6,2025,Sunday   
1642,2025-06-30,30,6,2025,Monday   
1643,2025-07-01,1,7,2025,Tuesday  
1644,2025-07-02,2,7,2025,Wednesday
1645,2025-07-03,3,7,2025,Thursday 
1646,2025-07-04,4,7,2025,Friday   
1647,2025-07-05,5,7,2025,Saturday 
1648,2025-07-06,6,7,2025,Sunday   
1649,2025-07-07,7,7,2025,Monday   
1650,2025-07-08,8,7,2025,Tuesday  
1651,2025-07-09,9,7,2025,Wednesday
1652,2025-07-10,10,7,2025,Thursday 
1653,2025-07-11,11,7,2025,Friday   
1654,2025-07-12,12,7,2025,Saturday 
1655,2025-07-13,13,7,2025,Sunday   
1656,2025-07-14,14,7,2025,Monday   
1657,2025-07-15,15,7,2025,Tuesday  
1658,2025-07-16,16,7,2025,Wednesday
1659,2025-07-17,17,7,2025,Thursday 
1660,2025-07-18,18,7,2025,Friday   
1661,2025-07-19,19,7,2025,Saturday 
1662,2025-07-20,20,7,2025,Sunday   
1663,2025-07-21,21,7,2025,Monday   
1664,2025-07-22,22,7,2025,Tuesday  
1665,2025-07-23,23,7,2025,Wednesday
1666,2025-07-24,24,7,2025,Thursday 
1667,2025-07-25,25,7,2025,Friday   
1668,2025-07-26,26,7,2025,Saturday 
1669,2025-07-27,27,7,2025,Sunday   
1670,2025-07-28,28,7,2025,Monday   
1671,2025-07-29,29,7,2025,Tuesday  
1672,2025-07-30,30,7,2025,Wednesday
1673,2025-07-31,31,7,2025,Thursday 
1674,2025-08-01,1,8,2025,Friday   
1675,2025-08-02,2,8,2025,Saturday 
1676,2025-08-03,3,8,2025,Sunday   
1677,2025-08-04,4,8,2025,Monday   
1678,2025-08-05,5,8,2025,Tuesday  
1679,2025-08-06,6,8,2025,Wednesday
1680,2025-08-07,7,8,2025,Thursday 
1681,2025-08-08,8,8,2025,Friday   
1682,2025-08-09,9,8,2025,Saturday 
1683,2025-08-10,10,8,2025,Sunday   
1684,2025-08-11,11,8,2025,Monday   
1685,2025-08-12,12,8,2025,Tuesday  
1686,2025-08-13,13,8,2025,Wednesday
1687,2025-08-14,14,8,2025,Thursday 
1688,2025-08-15,15,8,2025,Friday   
1689,2025-08-16,16,8,2025,Saturday 
1690,2025-08-17,17,8,2025,Sunday   
1691,2025-08-18,18,8,2025,Monday   
1692,2025-08-19,19,8,2025,Tuesday  
1693,2025-08-20,20,8,2025,Wednesday
1694,2025-08-21,21,8,2025,Thursday 
1695,2025-08-22,22,8,2025,Friday   
1696,2025-08-23,23,8,2025,Saturday 
1697,2025-08-24,24,8,2025,Sunday   
1698,2025-08-25,25,8,2025,Monday   
1699,2025-08-26,26,8,2025,Tuesday  
1700,2025-08-27,27,8,2025,Wednesday
1701,2025-08-28,28,8,2025,Thursday 
1702,2025-08-29,29,8,2025,Friday   
1703,2025-08-30,30,8,2025,Saturday 
1704,2025-08-31,31,8,2025,Sunday   
1705,2025-09-01,1,9,2025,Monday   
1706,2025-09-02,2,9,2025,Tuesday  
1707,2025-09-03,3,9,2025,Wednesday
1708,2025-09-04,4,9,2025,Thursday 
1709,2025-09-05,5,9,2025,Friday   
1710,2025-09-06,6,9,2025,Saturday 
1711,2025-09-07,7,9,2025,Sunday   
1712,2025-09-08,8,9,2025,Monday   
1713,2025-09-09,9,9,2025,Tuesday  
1714,2025-09-10,10,9,2025,Wednesday
1715,2025-09-11,11,9,2025,Thursday 
1716,2025-09-12,12,9,2025,Friday   
1717,2025-09-13,13,9,2025,Saturday 
1718,2025-09-14,14,9,2025,Sunday   
1719,2025-09-15,15,9,2025,Monday   
1720,2025-09-16,16,9,2025,Tuesday  
1721,2025-09-17,17,9,2025,Wednesday
1722,2025-09-18,18,9,2025,Thursday 
1723,2025-09-19,19,9,2025,Friday   
1724,2025-09-20,20,9,2025,Saturday 
1725,2025-09-21,21,9,2025,Sunday   
1726,2025-09-22,22,9,2025,Monday   
1727,2025-09-23,23,9,2025,Tuesday  
1728,2025-09-24,24,9,2025,Wednesday
1729,2025-09-25,25,9,2025,Thursday 
1730,2025-09-26,26,9,2025,Friday   
1731,2025-09-27,27,9,2025,Saturday 
1732,2025-09-28,28,9,2025,Sunday   
1733,2025-09-29,29,9,2025,Monday   
1734,2025-09-30,30,9,2025,Tuesday  
1735,2025-10-01,1,10,2025,Wednesday
1736,2025-10-02,2,10,2025,Thursday 
1737,2025-10-03,3,10,2025,Friday   
1738,2025-10-04,4,10,2025,Saturday 
1739,2025-10-05,5,10,2025,Sunday   
1740,2025-10-06,6,10,2025,Monday   
1741,2025-10-07,7,10,2025,Tuesday  
1742,2025-10-08,8,10,2025,Wednesday
1743,2025-10-09,9,10,2025,Thursday 
1744,2025-10-10,10,10,2025,Friday   
1745,2025-10-11,11,10,2025,Saturday 
1746,2025-10-12,12,10,2025,Sunday   
1747,2025-10-13,13,10,2025,Monday   
1748,2025-10-14,14,10,2025,Tuesday  
1749,2025-10-15,15,10,2025,Wednesday
1750,2025-10-16,16,10,2025,Thursday 
1751,2025-10-17,17,10,2025,Friday   
1752,2025-10-18,18,10,2025,Saturday 
1753,2025-10-19,19,10,2025,Sunday   
1754,2025-10-20,20,10,2025,Monday   
1755,2025-10-21,21,10,2025,Tuesday  
1756,2025-10-22,22,10,2025,Wednesday
1757,2025-10-23,23,10,2025,Thursday 
1758,2025-10-24,24,10,2025,Friday   
1759,2025-10-25,25,10,2025,Saturday 
1760,2025-10-26,26,10,2025,Sunday   
1761,2025-10-27,27,10,2025,Monday   
1762,2025-10-28,28,10,2025,Tuesday  
1763,2025-10-29,29,10,2025,Wednesday
1764,2025-10-30,30,10,2025,Thursday 
1765,2025-10-31,31,10,2025,Friday   
1766,2025-11-01,1,11,2025,Saturday 
1767,2025-11-02,2,11,2025,Sunday   
1768,2025-11-03,3,11,2025,Monday   
1769,2025-11-04,4,11,2025,Tuesday  
1770,2025-11-05,5,11,2025,Wednesday
1771,2025-11-06,6,11,2025,Thursday 
1772,2025-11-07,7,11,2025,Friday   
1773,2025-11-08,8,11,2025,Saturday 
1774,2025-11-09,9,11,2025,Sunday   
1775,2025-11-10,10,11,2025,Monday   
1776,2025-11-11,11,11,2025,Tuesday  
1777,2025-11-12,12,11,2025,Wednesday
1778,2025-11-13,13,11,2025,Thursday 
1779,2025-11-14,14,11,2025,Friday   
1780,2025-11-15,15,11,2025,Saturday 
1781,2025-11-16,16,11,2025,Sunday   
1782,2025-11-17,17,11,2025,Monday   
1783,2025-11-18,18,11,2025,Tuesday  
1784,2025-11-19,19,11,2025,Wednesday
1785,2025-11-20,20,11,2025,Thursday 
1786,2025-11-21,21,11,2025,Friday   
1787,2025-11-22,22,11,2025,Saturday 
1788,2025-11-23,23,11,2025,Sunday   
1789,2025-11-24,24,11,2025,Monday   
1790,2025-11-25,25,11,2025,Tuesday  
1791,2025-11-26,26,11,2025,Wednesday
1792,2025-11-27,27,11,2025,Thursday 
1793,2025-11-28,28,11,2025,Friday   
1794,2025-11-29,29,11,2025,Saturday 
1795,2025-11-30,30,11,2025,Sunday   
1796,2025-12-01,1,12,2025,Monday   
1797,2025-12-02,2,12,2025,Tuesday  
1798,2025-12-03,3,12,2025,Wednesday
1799,2025-12-04,4,12,2025,Thursday 
1800,2025-12-05,5,12,2025,Friday   
1801,2025-12-06,6,12,2025,Saturday 
1802,2025-12-07,7,12,2025,Sunday   
1803,2025-12-08,8,12,2025,Monday   
1804,2025-12-09,9,12,2025,Tuesday  
1805,2025-12-10,10,12,2025,Wednesday
1806,2025-12-11,11,12,2025,Thursday 
1807,2025-12-12,12,12,2025,Friday   
1808,2025-12-13,13,12,2025,Saturday 
1809,2025-12-14,14,12,2025,Sunday   
1810,2025-12-15,15,12,2025,Monday   
1811,2025-12-16,16,12,2025,Tuesday  
1812,2025-12-17,17,12,2025,Wednesday
1813,2025-12-18,18,12,2025,Thursday 
1814,2025-12-19,19,12,2025,Friday   
1815,2025-12-20,20,12,2025,Saturday 
1816,2025-12-21,21,12,2025,Sunday   
1817,2025-12-22,22,12,2025,Monday   
1818,2025-12-23,23,12,2025,Tuesday  
1819,2025-12-24,24,12,2025,Wednesday
1820,2025-12-25,25,12,2025,Thursday 
1821,2025-12-26,26,12,2025,Friday   
1822,2025-12-27,27,12,2025,Saturday 
1823,2025-12-28,28,12,2025,Sunday   
1824,2025-12-29,29,12,2025,Monday   
1825,2025-12-30,30,12,2025,Tuesday  
1826,2025-12-31,31,12,2025,Wednesday
